{"historical_data":[{"timestamp":"05/26/2024 11:50:31","cpu_history":6.937394247081907,"memory_history":21.62445715373455}]}
